clusters,intertia
2,7132.900572665005
3,5357.940588122242
4,4513.184873993448
5,3762.2463437613287
6,3111.5973717953557
7,2640.3555871343888
8,2292.341661134747
9,2074.0646934802603
10,1900.2281609585052
11,1730.8584428418476
12,1607.9459190848186
